dataset,frame,perturb_type,perturb_value,unit,fov_ratio_pct,retention_overall_pct,retention_near_pct,retention_far_pct,latency_p50_ms,latency_p95_ms
kitti,000011,yaw_drift,0.0,deg,18.47,100.0,100.0,100.0,19.33,21.73
kitti,000011,yaw_drift,0.5,deg,18.47,85.28,85.39,84.69,19.33,21.73
kitti,000011,yaw_drift,1.0,deg,18.47,71.19,71.86,67.5,19.33,21.73
kitti,000011,yaw_drift,1.5,deg,18.47,58.15,58.44,56.56,19.33,21.73
kitti,000011,yaw_drift,2.0,deg,18.48,46.42,46.05,48.44,19.33,21.73
kitti,000011,yaw_drift,3.0,deg,18.47,22.94,21.32,31.87,19.33,21.73
kitti,000011,ty_drift,0.0,meter,18.47,100.0,100.0,100.0,19.33,21.73
kitti,000011,ty_drift,0.05,meter,18.46,95.09,94.6,97.81,19.33,21.73
kitti,000011,ty_drift,0.1,meter,18.45,90.86,90.11,95.0,19.33,21.73
kitti,000011,ty_drift,0.15,meter,18.45,86.1,84.99,92.19,19.33,21.73
kitti,000011,ty_drift,0.2,meter,18.44,82.11,80.61,90.31,19.33,21.73
kitti,000011,ty_drift,0.3,meter,18.43,73.06,71.01,84.38,19.33,21.73
kitti,000021,yaw_drift,0.0,deg,15.83,100.0,100.0,100.0,24.29,29.31
kitti,000021,yaw_drift,0.5,deg,15.82,94.28,94.3,94.24,24.29,29.31
kitti,000021,yaw_drift,1.0,deg,15.83,88.51,88.5,88.52,24.29,29.31
kitti,000021,yaw_drift,1.5,deg,15.83,83.08,82.99,83.24,24.29,29.31
kitti,000021,yaw_drift,2.0,deg,15.84,77.29,77.21,77.43,24.29,29.31
kitti,000021,yaw_drift,3.0,deg,15.86,65.09,66.3,62.92,24.29,29.31
kitti,000021,ty_drift,0.0,meter,15.83,100.0,100.0,100.0,24.29,29.31
kitti,000021,ty_drift,0.05,meter,15.84,98.3,97.89,99.04,24.29,29.31
kitti,000021,ty_drift,0.1,meter,15.87,96.32,95.56,97.69,24.29,29.31
kitti,000021,ty_drift,0.15,meter,15.88,94.57,93.58,96.35,24.29,29.31
kitti,000021,ty_drift,0.2,meter,15.9,92.61,91.23,95.1,24.29,29.31
kitti,000021,ty_drift,0.3,meter,15.94,89.04,86.92,92.84,24.29,29.31
kitti,000049,yaw_drift,0.0,deg,15.91,100.0,100.0,100.0,18.33,20.63
kitti,000049,yaw_drift,0.5,deg,15.95,94.63,95.78,92.15,18.33,20.63
kitti,000049,yaw_drift,1.0,deg,15.99,89.26,91.57,84.24,18.33,20.63
kitti,000049,yaw_drift,1.5,deg,16.02,84.2,87.61,76.81,18.33,20.63
kitti,000049,yaw_drift,2.0,deg,16.03,78.93,83.29,69.49,18.33,20.63
kitti,000049,yaw_drift,3.0,deg,16.04,68.54,74.65,55.33,18.33,20.63
kitti,000049,ty_drift,0.0,meter,15.91,100.0,100.0,100.0,18.33,20.63
kitti,000049,ty_drift,0.05,meter,15.92,98.04,98.15,97.81,18.33,20.63
kitti,000049,ty_drift,0.1,meter,15.93,96.07,96.37,95.4,18.33,20.63
kitti,000049,ty_drift,0.15,meter,15.94,94.13,94.46,93.4,18.33,20.63
kitti,000049,ty_drift,0.2,meter,15.95,92.12,92.54,91.21,18.33,20.63
kitti,000049,ty_drift,0.3,meter,15.97,88.07,88.61,86.91,18.33,20.63
nuscenes,scene-0103_010,yaw_drift,0.0,deg,8.99,100.0,100.0,100.0,5.87,9.57
nuscenes,scene-0103_010,yaw_drift,0.5,deg,9.0,84.31,60.87,89.47,5.87,9.57
nuscenes,scene-0103_010,yaw_drift,1.0,deg,9.0,73.33,45.65,79.43,5.87,9.57
nuscenes,scene-0103_010,yaw_drift,1.5,deg,9.01,65.49,34.78,72.25,5.87,9.57
nuscenes,scene-0103_010,yaw_drift,2.0,deg,9.0,56.08,21.74,63.64,5.87,9.57
nuscenes,scene-0103_010,yaw_drift,3.0,deg,9.02,42.35,0.0,51.67,5.87,9.57
nuscenes,scene-0103_010,ty_drift,0.0,meter,8.99,100.0,100.0,100.0,5.87,9.57
nuscenes,scene-0103_010,ty_drift,0.05,meter,9.06,98.82,93.48,100.0,5.87,9.57
nuscenes,scene-0103_010,ty_drift,0.1,meter,9.13,97.25,84.78,100.0,5.87,9.57
nuscenes,scene-0103_010,ty_drift,0.15,meter,9.22,95.69,76.09,100.0,5.87,9.57
nuscenes,scene-0103_010,ty_drift,0.2,meter,9.56,95.69,76.09,100.0,5.87,9.57
nuscenes,scene-0103_010,ty_drift,0.3,meter,10.55,92.55,65.22,98.56,5.87,9.57
